{
  "id": "machine-learning",
  "title": "Machine Learning",
  "description": "Introduction to Machine Learning and AI",
  "subtopics": [
    {
      "id": "ml-basics",
      "title": "ML Fundamentals",
      "description": "Basic concepts and algorithms in Machine Learning",
      "content": {
        "introduction": "Machine Learning enables systems to learn from data and improve from experience...",
        "sections": [
          {
            "title": "Linear Regression",
            "content": "Linear regression is a fundamental algorithm for predictive modeling...",
            "code": {
              "example": "import numpy as np\nfrom sklearn.linear_model import LinearRegression\nfrom sklearn.model_selection import train_test_split\n\n# Generate sample data\nX = np.random.rand(100, 1) * 10\ny = 2 * X + 1 + np.random.randn(100, 1)\n\n# Split data\nX_train, X_test, y_train, y_test = train_test_split(\n    X, y, test_size=0.2, random_state=42\n)\n\n# Train model\nmodel = LinearRegression()\nmodel.fit(X_train, y_train)\n\n# Make predictions\ny_pred = model.predict(X_test)\n\n# Print results\nprint(f'Coefficient: {model.coef_[0]}')\nprint(f'Intercept: {model.intercept_}')",
              "language": "python",
              "output": "Coefficient: [1.98]\nIntercept: [1.03]"
            }
          }
        ]
      }
    }
  ]
}
