{
  "id": "docker",
  "title": "Docker",
  "description": "Learn containerization with Docker",
  "subtopics": [
    {
      "id": "docker-basics",
      "title": "Docker Fundamentals",
      "description": "Basic Docker concepts and commands",
      "content": {
        "introduction": "Docker is a platform for developing, shipping, and running applications in containers...",
        "sections": [
          {
            "title": "Basic Commands",
            "content": "Essential Docker commands for managing containers...",
            "code": {
              "example": "# Pull an image\ndocker pull node:latest\n\n# Run a container\ndocker run -d -p 3000:3000 --name my-app node:latest\n\n# List running containers\ndocker ps\n\n# Stop a container\ndocker stop my-app\n\n# Remove a container\ndocker rm my-app",
              "language": "bash"
            }
          }
        ]
      }
    }
  ]
}
