{
  "id": "system-design",
  "title": "System Design",
  "description": "Learn to design scalable systems and architectures",
  "subtopics": [
    {
      "id": "scalability",
      "title": "Scalability Patterns",
      "description": "Design patterns for scalable systems",
      "content": {
        "introduction": "Scalability is the capability of a system to handle a growing amount of work...",
        "sections": [
          {
            "title": "Load Balancing",
            "content": "Load balancing helps distribute traffic across multiple servers...",
            "code": {
              "example": "# Nginx Load Balancer Configuration\nhttp {\n  upstream backend {\n    server backend1.example.com:8080;\n    server backend2.example.com:8080;\n    server backend3.example.com:8080;\n  }\n\n  server {\n    listen 80;\n    location / {\n      proxy_pass http://backend;\n    }\n  }\n}",
              "language": "nginx"
            }
          }
        ]
      }
    }
  ]
}
