{
  "v": "5.7.4",
  "fr": 30,
  "ip": 0,
  "op": 90,
  "w": 500,
  "h": 500,
  "nm": "Brain Animation",
  "ddd": 0,
  "assets": [],
  "layers": [
    {
      "ddd": 0,
      "ind": 1,
      "ty": 4,
      "nm": "Brain",
      "sr": 1,
      "ks": {
        "o": {
          "a": 1,
          "k": [
            {
              "i": { "x": [0.833], "y": [0.833] },
              "o": { "x": [0.167], "y": [0.167] },
              "t": 0,
              "s": [100]
            },
            {
              "t": 45,
              "s": [50]
            },
            {
              "t": 90,
              "s": [100]
            }
          ]
        },
        "r": {
          "a": 1,
          "k": [
            {
              "i": { "x": [0.833], "y": [0.833] },
              "o": { "x": [0.167], "y": [0.167] },
              "t": 0,
              "s": [0]
            },
            {
              "t": 90,
              "s": [360]
            }
          ]
        },
        "p": {
          "a": 0,
          "k": [250, 250, 0]
        },
        "a": {
          "a": 0,
          "k": [0, 0, 0]
        },
        "s": {
          "a": 1,
          "k": [
            {
              "i": { "x": [0.833, 0.833, 0.833], "y": [0.833, 0.833, 0.833] },
              "o": { "x": [0.167, 0.167, 0.167], "y": [0.167, 0.167, 0.167] },
              "t": 0,
              "s": [100, 100, 100]
            },
            {
              "t": 45,
              "s": [110, 110, 100]
            },
            {
              "t": 90,
              "s": [100, 100, 100]
            }
          ]
        }
      },
      "ao": 0,
      "shapes": [
        {
          "ty": "gr",
          "it": [
            {
              "d": 1,
              "ty": "el",
              "s": { "a": 0, "k": [200, 200] },
              "p": { "a": 0, "k": [0, 0] }
            },
            {
              "ty": "st",
              "c": { "a": 0, "k": [0.4, 0.2, 0.8, 1] },
              "o": { "a": 0, "k": 100 },
              "w": { "a": 0, "k": 20 }
            },
            {
              "ty": "fl",
              "c": { "a": 0, "k": [0.4, 0.2, 0.8, 0.3] },
              "o": { "a": 0, "k": 30 }
            }
          ],
          "np": 3,
          "cix": 2,
          "bm": 0,
          "nm": "Brain Shape",
          "mn": "ADBE Vector Group",
          "hd": false
        }
      ],
      "ip": 0,
      "op": 90,
      "st": 0,
      "bm": 0
    }
  ]
}
