{
  "v": "5.7.1",
  "fr": 30,
  "ip": 0,
  "op": 180,
  "w": 512,
  "h": 512,
  "assets": [
    {
      "id": "avatar",
      "w": 512,
      "h": 512,
      "u": "",
      "p": "data:image/png;base64,iVBORw0KGgoAAAANSUhEUgAAAgAAAAIAAQMAAADOtka5AAAAA1BMVEX///+nxBvIAAAAAXRSTlMAQObYZgAAADxJREFUeNrtwQENAAAAwqD3T20PBxQAAAAAAAAAAAAAAAAAAAAAAAAAAAAAAAAAAAAAAAAAAAAAAAAAAB4NrwABMq6PyQAAAABJRU5ErkJggg==",
      "e": 1
    }
  ],
  "layers": [
    {
      "ddd": 0,
      "ind": 1,
      "ty": 2,
      "nm": "Avatar",
      "refId": "avatar",
      "sr": 1,
      "ks": {
        "o": { "a": 0, "k": 100 },
        "r": { "a": 0, "k": 0 },
        "p": { "a": 0, "k": [256, 256, 0] },
        "a": { "a": 0, "k": [256, 256, 0] },
        "s": {
          "a": 1,
          "k": [
            {
              "i": { "x": [0.833, 0.833, 0.833], "y": [0.833, 0.833, 0.833] },
              "o": { "x": [0.167, 0.167, 0.167], "y": [0.167, 0.167, 0.167] },
              "t": 0,
              "s": [100, 100, 100]
            },
            {
              "t": 90,
              "s": [102, 102, 100]
            },
            {
              "t": 180,
              "s": [100, 100, 100]
            }
          ]
        }
      },
      "ao": 0,
      "ip": 0,
      "op": 180,
      "st": 0,
      "bm": 0
    },
    {
      "ddd": 0,
      "ind": 2,
      "ty": 4,
      "nm": "Mouth",
      "sr": 1,
      "ks": {
        "o": { "a": 0, "k": 100 },
        "r": { "a": 0, "k": 0 },
        "p": { "a": 0, "k": [256, 300, 0] },
        "a": { "a": 0, "k": [0, 0, 0] },
        "s": { "a": 0, "k": [100, 100, 100] }
      },
      "shapes": [
        {
          "ty": "gr",
          "it": [
            {
              "ty": "rc",
              "d": 1,
              "s": {
                "a": 1,
                "k": [
                  {
                    "i": { "x": [0.833, 0.833], "y": [0.833, 0.833] },
                    "o": { "x": [0.167, 0.167], "y": [0.167, 0.167] },
                    "t": 0,
                    "s": [40, 10]
                  },
                  {
                    "t": 90,
                    "s": [40, 20]
                  },
                  {
                    "t": 180,
                    "s": [40, 10]
                  }
                ]
              },
              "p": { "a": 0, "k": [0, 0] },
              "r": { "a": 0, "k": 20 }
            },
            {
              "ty": "fl",
              "c": { "a": 0, "k": [0.988, 0.729, 0.157, 1] }
            }
          ]
        }
      ]
    }
  ]
}
